Time s,Displacement Into Surface nm,Load On Sample mN
207.2,0,0
207.3,0.726008287,2.96334975867785E-005
207.4,0.3047025843,0.0001732145
207.5,-0.6241563621,0.0003672041
207.6,-0.1640819097,0.0004232493
207.7,1.2032065365,0.0003891929
207.8,1.6298495988,0.0004485584
207.9,1.3908983559,0.0005740286
208,1.4406752406,0.0006708233
208.1,2.2077136539,0.0006963818
208.2,1.8912616447,0.0008295491
208.3,2.3513364801,0.0008855942
208.4,2.3494462206,0.0009875203
208.5,2.4288557448,0.0010813719
208.6,2.5576529927,0.0011703185
208.7,2.5550029206,0.00127232
208.76,2.7120614397,0.0013177644
208.9,2.5132318646,0.0014798322
209,3.0044590704,0.0015325887
209.1,2.4934953813,0.0016848796
209.2,2.8532752426,0.001750691
209.3,3.1393534557,0.0018238222
209.4,2.9976579636,0.0019394385
209.5,2.9372622746,0.0020469803
209.6,3.428489531,0.0020997368
209.7,3.5238551451,0.0021918089
209.8,3.1093874035,0.0023345161
209.9,3.4083824201,0.0024063644
210,3.8297070951,0.0024660633
210.1,3.738159119,0.002576699
210.2,3.9360992755,0.0026585838
210.3,3.9516847018,0.0027585793
210.4,3.8905291782,0.0028661966
210.5,4.2518288013,0.002931857
210.6,3.9437345611,0.0030639994
210.7,4.3217500377,0.0031279995
210.8,4.1929712869,0.0032423329
210.9,4.1113008512,0.0033519876
211,4.1755142077,0.0034471536
211.1,4.3020321027,0.0035361317
211.2,4.5440413485,0.0036136396
211.3,4.4319784437,0.0037263128
211.4,4.5387412471,0.0038172529
211.5,4.5558462956,0.0039170975
211.6,4.4529011311,0.0040288652
211.7,4.7207439719,0.0041038073
211.8,4.9278019081,0.0041847864
211.9,5.0603983182,0.0042731608
212,5.0076006987,0.0043799479
212.1,4.6425205452,0.0045177499
212.2,5.3214214724,0.004551867
212.3,4.9852141193,0.0046868014
212.4,5.0251135144,0.0047843822
212.5,4.952180893,0.004893169
212.6,5.0437474732,0.0049856183
212.7,5.2109153082,0.0050705592
212.8,4.6984317226,0.0052230008
212.9,5.2075147301,0.0052739838
213,5.5000514921,0.0053464734
213.1,5.5547672169,0.0054425825
213.2,5.6942019459,0.0055302777
213.3,5.802484399,0.0056210668
213.4,5.916845349,0.0057112522
213.5,5.9419284192,0.0058103043
213.6,6.127711681,0.0058933963
213.7,6.0851715014,0.0059991645
213.8,5.8131681793,0.0061277224
213.9,6.0992465819,0.0062008533
214,6.0889984047,0.0063034145
214.1,6.2801003512,0.0063859782
214.2,6.002018524,0.0065151397
214.3,6.3701566128,0.0065801208
214.4,6.5483417708,0.0066639673
214.5,6.6015378806,0.0067602273
214.6,6.5863509217,0.0068632789
214.7,6.8313995382,0.0069404848
214.8,6.7014809785,0.0070549311
214.9,6.9947776603,0.0071273451
215,7.0240396972,0.0072259822
215.1,7.2170412187,0.0073083571
215.2,7.2466831614,0.0074069564
215.3,7.3154554237,0.0075016694
215.4,7.3526954872,0.0075995141
215.5,7.2953389534,0.0077067538
215.6,7.2186072165,0.0078159178
215.7,7.2569869978,0.0079136493
215.8,7.3390559678,0.0080070417
215.9,7.4294828722,0.008099604
216,7.5446036705,0.0081897138
216.1,7.4743303301,0.0082982363
216.2,7.464082142,0.0084007974
216.3,7.6342893124,0.0084854362
216.4,7.7949988398,0.0085710182
216.5,7.817042663,0.0086703721
216.6,7.7642449949,0.008777159
216.7,7.9462292648,0.0088606281
216.8,7.9036890581,0.0089663963
216.9,8.1141662893,0.0090470355
217,8.346298182,0.0091255241
217.1,8.3983545875,0.0092218972
217.2,8.0667058427,0.0093563787
217.3,8.6232775484,0.0094026449
217.4,8.3030259629,0.0095359944
217.5,8.4173869672,0.0096261796
217.6,8.3615500399,0.0097332683
217.7,8.6244543355,0.0098087007
217.8,8.3182592863,0.0099406541
217.9,8.9466332792,0.0099797892
218,8.3661459926,0.0101389845
218.1,8.7088305654,0.0102064933
218.2,8.5922086562,0.010319619
218.3,9.0446861308,0.0103762235
218.4,8.9633954784,0.0104858401
218.5,9.1966671297,0.0105642155
218.6,9.1096778802,0.0106743981
218.7,9.4930124907,0.0107378696
218.8,9.0671469215,0.0108817083
218.9,9.3767797176,0.0109524997
219,9.3566539531,0.0110560416
219.1,9.5166037256,0.011141699
219.2,9.5207919567,0.0112428261
219.3,9.9922648571,0.011297544
219.4,9.6302234701,0.0114350438
219.5,9.6055388289,0.0115390385
219.6,9.754851234,0.0116257523
219.7,9.8783300208,0.0117150319
219.8,9.8703612508,0.0118173663
219.9,9.8988634794,0.0119160786
220,9.8931741472,0.0120181867
220.1,10.40567696,0.0120688296
220.2,10.0915037272,0.0122015754
220.3,10.4117739755,0.0122713102
220.4,10.3528977584,0.0123787006
220.5,10.5234849424,0.0124633014
220.6,10.2822537083,0.0125888027
220.7,10.4361250092,0.0126750637
220.8,10.4327151108,0.0127769454
220.9,10.2743034552,0.0128942214
221,10.0824600635,0.0130148177
221.1,10.7879552755,0.0130462932
221.2,10.5436847786,0.0131720964
221.3,10.6732420822,0.0132607721
221.4,10.9950319932,0.013330356
221.5,10.7560801706,0.0134556309
221.6,10.7481113951,0.0135579653
221.7,10.8829873919,0.0136461129
221.8,10.7846009145,0.0137574273
221.9,11.1732543425,0.0138203705
222,11.0748678541,0.0139316849
222.1,11.2340578673,0.0140174176
222.2,11.0619695495,0.0141360518
222.3,11.4377061865,0.0142002778
222.4,11.3385598774,0.0143116677
222.5,11.446842445,0.0144024564
222.6,11.2679158042,0.0145217697
222.7,11.6064216299,0.0145896934
222.8,11.6136491035,0.0146905185
222.9,11.7735989478,0.0147761757
223,11.402439669,0.014914581
223.1,11.6528072177,0.0149912583
223.2,11.6486375002,0.0150932154
223.3,11.8298621001,0.0151767596
223.4,11.7846624906,0.0152827916
223.5,12.1216487303,0.0153508662
223.6,12.0764491146,0.0154568981
223.7,12.3708858588,0.0155291985
223.8,11.9868097008,0.0156688866
223.9,12.1908286987,0.015750167
224,12.206414112,0.015850162
224.1,12.2805051162,0.0159443464
224.2,12.44045498,0.0160300036
224.3,12.8222702434,0.0160936258
224.4,12.5757201768,0.0162196552
224.5,12.7181943535,0.016307048
224.6,12.5787779231,0.0164224373
224.7,12.745566113,0.0165074153
224.8,12.4389908449,0.0166394062
224.9,12.6164164058,0.0167233277
225,12.8037195444,0.0168062683
225.1,12.8717320519,0.0169010563
225.2,12.7171193616,0.0170179548
225.3,13.0708215499,0.0170843691
225.4,13.0864069617,0.0171843641
225.5,13.2387587211,0.0172707758
225.6,12.865319874,0.0174094074
225.7,13.306400571,0.0174671435
225.8,13.18673926,0.0175805707
225.9,13.3740424211,0.0176635112
226,13.2141110184,0.0177809379
226.1,13.3391095074,0.0178700663
226.2,13.3508958538,0.0179704385
226.3,13.5184438789,0.018055341
226.4,13.6267264887,0.0181461295
226.5,13.7540044294,0.0182350315
226.6,13.3395356361,0.018377738
226.7,13.4432593593,0.0184689793
226.8,13.7035045816,0.0185446754
226.9,13.6491871875,0.0186516129
227,13.5637174599,0.0187616443
227.1,13.9280570871,0.018827002
227.2,13.6625116457,0.0189549179
227.3,14.0070961373,0.0190222377
227.4,13.6473338716,0.0191595109
227.5,14.1142482754,0.0192146813
227.6,14.1678243453,0.0193109031
227.7,14.2206406021,0.0194072003
227.8,14.2688979801,0.0195039503
227.9,14.3065179732,0.0196017568
228,14.5971557795,0.0196744343
228.1,14.5709514583,0.0197785795
228.2,14.31680317,0.0199053635
228.3,14.4889101026,0.0199898131
228.4,14.5576824396,0.0200845256
228.5,14.8718744728,0.0201548638
228.6,14.6838299167,0.0202750825
228.7,14.7488031893,0.0203701723
228.8,14.7818643045,0.0204684315
228.9,14.9881628556,0.0205494853
229,14.9118108521,0.0206586111
229.1,15.0801187413,0.020743438
229.2,14.7287143258,0.0208798811
229.3,15.1599176137,0.0209385981
229.4,15.0926833673,0.0210468183
229.5,15.1128276339,0.0211464861
229.6,15.2492232398,0.0212351941
229.7,15.3749813943,0.0213253437
229.8,15.4103216557,0.0214250389
229.9,15.6815839285,0.0215016553
230,15.6470211969,0.0216091681
230.1,15.714653299,0.0217069638
230.2,15.5387650837,0.0218295559
230.3,15.7040330142,0.0219187591
230.4,15.5999469848,0.0220352593
230.5,15.9038807,0.0221116825
230.6,15.742048667,0.0222348964
230.7,15.8427320942,0.022332563
230.8,16.1405870374,0.0224111804
230.9,16.1405950276,0.0225196965
231,16.028910318,0.0226399419
231.1,16.2431855192,0.022728331
231.2,16.0262664462,0.0228600994
231.3,16.2564975329,0.0229480047
231.4,16.1717858164,0.0230677386
231.5,16.5653766564,0.0231404219
231.6,16.3784698408,0.0232712192
231.7,16.6147790816,0.02336063
231.8,16.5441235421,0.0234810171
231.9,16.7128092008,0.0235781431
232,16.7747409507,0.0236864155
232.1,16.7853851959,0.0238002516
232.2,16.8195835456,0.0239124184
232.3,16.6710466298,0.0240432284
232.4,16.8556878735,0.0241415993
232.5,17.0243729525,0.0242420376
232.6,17.1330326491,0.0243490396
232.7,16.9780369076,0.0244827128
232.8,17.0274309363,0.0245967216
232.9,17.2979306528,0.0246893405
233,17.3184515701,0.0248072859
233.1,17.3294747191,0.0249267195
233.2,17.4810632987,0.0250328368
233.3,17.5391947019,0.025148717
233.4,17.5657937161,0.0252683881
233.5,17.366348041,0.0254110582
233.6,17.4871637342,0.02552264
233.7,17.4708329529,0.0256483684
233.8,17.6797868258,0.0257524289
233.9,17.6645955561,0.0258792082
234,17.699171966,0.0260017412
234.1,17.9024269461,0.0261080625
234.2,17.9001521799,0.0262354207
234.3,17.7246397621,0.0263805743
234.4,17.7223647521,0.0265093083
234.5,18.0114782366,0.0266096532
234.6,18.1208956646,0.0267283973
234.7,18.2439896499,0.0268463196
234.8,18.2455132997,0.0269769645
234.9,18.3511313518,0.0270978379
235,18.2402023126,0.0272409568
235.1,18.3541780789,0.0273623381
235.2,18.1695468677,0.0275140759
235.3,18.5376801437,0.0276115494
235.4,18.4529642248,0.0277546273
235.5,18.6353227953,0.0278717764
235.6,18.5863179009,0.0280125847
235.7,18.4187819174,0.0281658616
235.8,18.3724361228,0.0283078472
235.9,18.6945999549,0.0284138742
236,18.6775067571,0.0285542719
236.1,18.8336510399,0.0286780261
236.2,18.8503693334,0.0288163511
236.3,19.0969312564,0.028932446
236.4,19.0600824332,0.0290773738
236.5,19.1425242989,0.0292110882
236.6,19.1413864827,0.0293538871
236.7,19.3248833762,0.0294789328
236.8,19.4020061842,0.0296152237
236.9,19.3089305215,0.0297690788
237,19.5456140228,0.029891016
237.1,19.4084688932,0.0300506333
237.2,19.5714501796,0.0301812934
237.3,19.5931059425,0.0303265644
237.4,19.661110218,0.0304680699
237.5,19.5847497031,0.0306245254
237.6,19.4468440959,0.0307879783
237.7,20.0170851291,0.0308817527
237.8,19.7439323394,0.0310600009
237.9,19.8765201862,0.0311986456
238,20.0129069714,0.0313376861
238.1,19.9046334703,0.0315017218
238.2,19.9452833984,0.0316517973
238.3,20.2951775947,0.0317717925
238.4,20.3358272887,0.0319231979
238.5,20.1014240965,0.0321027035
238.6,20.309232617,0.0322391836
238.7,20.1895610999,0.0324088272
238.8,20.401928236,0.0325463898
238.9,20.4167435597,0.0327042203
239,20.4475148418,0.0328612599
239.1,20.9972391773,0.0329674789
239.2,20.6131515805,0.033167137
239.3,21.068658678,0.0332842561
239.4,20.6686146947,0.0334870897
239.5,21.0116689845,0.0336169509
239.6,20.8866774992,0.0337941112
239.7,21.0253414534,0.0339458726
239.8,21.3197672215,0.034082995
239.9,21.1507060837,0.0342668056
240,21.0887786193,0.0344408982
240.1,21.4698228181,0.0345717602
240.2,21.2832854999,0.034759802
240.3,21.2608679497,0.0349323995
240.4,21.3273485238,0.0350970725
240.5,21.6293714397,0.0352391325
240.6,21.3987642947,0.0354348443
240.7,21.6833111872,0.0355802887
240.8,21.4808168566,0.0357749996
240.9,21.6042827784,0.0359381605
241,21.7383859491,0.0361011555
241.1,21.8048655007,0.0362716117
241.2,21.9093356123,0.0364392329
241.3,22.095865555,0.036599508
241.4,22.0468528496,0.0367839601
241.5,22.1862739871,0.0369506392
241.6,22.1744918668,0.0371332346
241.7,22.3929334219,0.0372937882
241.8,22.4791670848,0.0374683486
241.9,22.6231465221,0.0376379702
242,22.7086200636,0.037814357
242.1,22.6618857063,0.038004679
242.2,22.6926522682,0.0381883115
242.3,22.8092777415,0.0383642535
242.4,22.7860971399,0.0385550452
242.5,22.3845286891,0.0387843519
242.6,23.128760563,0.0389008793
242.7,22.8145704311,0.0391233145
242.8,22.9699456144,0.0393001413
242.9,23.1405169523,0.0394762846
243,23.192557008,0.0396652367
243.1,23.2157239597,0.0398578587
243.2,23.1826644344,0.0400571062
243.3,23.4041426963,0.0402319904
243.4,23.5633159915,0.0404139821
243.5,23.5971196808,0.0406093206
243.6,23.867225623,0.0407821914
243.7,23.5059252442,0.0410186683
243.8,23.7676728602,0.0411943386
243.9,23.6533119521,0.0414083292
244,23.8671908809,0.0415907652
244.1,23.7824623975,0.0418037944
244.2,23.8907267002,0.0419987478
244.3,23.5461411809,0.0422396511
244.4,23.9925227074,0.0424031592
244.5,24.1744885472,0.042593699
244.6,24.0624058173,0.0428145221
244.7,24.262606849,0.043005325
244.8,24.1619209809,0.0432270417
244.9,24.3340084923,0.043422719
245,24.4734237805,0.0436226906
245.1,24.3886934768,0.0438458788
245.2,24.5303878456,0.044047678
245.3,24.8992667528,0.0442278907
245.4,24.7058823266,0.0444649932
245.5,24.7852713237,0.0446760573
245.6,24.7666439742,0.0448980081
245.7,24.9759609618,0.0450983588
245.8,25.0583886501,0.0453123509
245.9,24.8710817913,0.0455541897
246,25.1214282096,0.0457537784
246.1,25.4150839453,0.0459500095
246.2,25.4162106487,0.0461763843
246.3,25.5427066791,0.0463913322
246.4,25.2862556377,0.0466455248
246.5,25.2235572651,0.0468816508
246.6,25.4077986021,0.0470944413
246.7,25.7105709458,0.0472964667
246.8,25.9411606697,0.0475067544
246.9,25.9278495123,0.0477422555
247,25.7116674557,0.0479991799
247.1,25.8336029741,0.0482237259
247.2,26.0170833301,0.0484433151
247.3,26.1477563402,0.0486692155
247.4,26.1940896424,0.0489046634
247.5,26.2810728589,0.0491372403
247.6,25.9976458902,0.049407824
247.7,26.3938735089,0.0496121174
247.8,26.3794207429,0.0498583275
247.9,26.5351664091,0.050088835
248,26.302646204,0.0503591164
248.1,26.5415912094,0.0505838334
248.2,26.7144320854,0.0508162593
248.3,26.8640983937,0.0510521296
248.4,26.7767020458,0.0513128684
248.5,26.9468829331,0.0515491774
248.6,26.818076207,0.0518164776
248.7,27.0866527505,0.0520455468
248.8,27.1519784394,0.0522960312
248.9,27.2499759859,0.0525444567
249,27.2058877979,0.0528082882
249.1,27.113171183,0.0530782831
249.2,27.314502933,0.0533204186
249.3,27.3805873194,0.0535771275
249.4,27.4637673137,0.0538335098
249.5,27.4249966913,0.0541032343
249.6,27.7007894799,0.054343078
249.7,27.7281223528,0.0546088176
249.8,27.685931859,0.054882803
249.9,27.7710102425,0.0551454916
250,28.2690482389,0.0553684265
250.1,27.9575023858,0.0556729893
250.2,27.9175903859,0.0559520983
250.3,28.1079022995,0.056209652
250.4,28.3548202619,0.0564629132
250.5,28.3509988096,0.05674233
250.6,28.3262821713,0.0570252477
250.7,28.5880158364,0.0572810775
250.8,28.781365864,0.0575449985
250.9,28.5378215397,0.0578537354
251,28.5959238338,0.0581339807
251.1,28.713671418,0.0584097143
251.2,28.9434915927,0.0586757406
251.3,28.791504078,0.0589809454
251.4,29.0011886422,0.0592517426
251.5,28.9867272801,0.0595461935
251.6,29.0288719315,0.0598365365
251.7,29.052400851,0.0601300965
251.8,29.2104169128,0.0604118296
251.9,29.374131362,0.0606943367
252,29.5017542877,0.0609819608
252.1,29.595565165,0.0612742948
252.2,29.5849010771,0.0615785003
252.3,29.6730128073,0.0618743676
252.4,29.646012125,0.0621832897
252.5,29.7679351312,0.0624788274
252.6,29.9419052759,0.0627706929
252.7,29.9555539758,0.0630799286
252.8,30.3039013962,0.0633574841
252.9,30.0979627036,0.0636915152
253,30.2271026294,0.0639939125
253.1,30.2734223286,0.0643060604
253.2,30.5321103736,0.0645986568
253.3,30.5833683503,0.0649132967
253.4,30.5183741588,0.0652411181
253.5,30.6163602591,0.0655543344
253.6,30.7405597367,0.0658665531
253.7,30.8438639898,0.0661824274
253.8,31.01137244,0.0664935141
253.9,30.9015476708,0.0668337058
254,31.1518755141,0.0671398629
254.1,30.9964611913,0.0674878028
254.2,31.2103172782,0.0678008277
254.3,31.2311797502,0.0681345619
254.4,31.5582479178,0.0684395854
254.5,31.4499410313,0.0687893622
254.6,31.8757847847,0.0690878177
254.7,31.5448510865,0.0694630055
254.8,31.7693428765,0.069784861
254.9,31.5804942444,0.0701493971
255,31.9501103759,0.0704602334
255.1,31.7787369116,0.070826407
255.2,32.0868073287,0.0711467095
255.3,31.8075393055,0.0715270739
255.4,32.2827687308,0.0718343045
255.5,31.9541120129,0.072222993
255.6,32.3206870629,0.072544522
255.7,32.46691505,0.0728895479
255.8,32.4991702393,0.0732476536
255.9,32.5078707962,0.0736098861
256,32.4687025874,0.0739786837
256.1,32.586056265,0.0743337894
256.2,32.7687538668,0.0746841509
256.3,32.6801966235,0.0750631974
256.4,33.0642450027,0.0753972029
256.5,33.007599405,0.0757767103
256.6,33.1409076499,0.076139232
256.7,33.0759034132,0.0765232516
256.8,33.237324217,0.0768867036
256.9,33.3554351552,0.0772562378
257,33.426437122,0.0776323328
257.1,33.5696213495,0.0780031503
257.2,33.6132692469,0.0783857159
257.3,33.7830464046,0.0787576414
257.4,33.9794168238,0.0791288322
257.5,33.7837214026,0.0795408138
257.6,33.9838902103,0.0799155281
257.7,34.2136915626,0.0802891455
257.8,34.2322634662,0.0806856721
257.9,34.2895856891,0.0810802932
258,34.272445491,0.0814843319
258.1,34.3806747421,0.0818778867
258.2,34.3969657866,0.0822825651
258.3,34.5849751152,0.0826721997
258.4,34.8337694693,0.0830577762
258.5,34.8006713544,0.083473257
258.6,34.9294139123,0.0838747287
258.7,34.7109196927,0.0843127918
258.8,35.1755006633,0.0846851042
258.9,34.9395299163,0.0851289349
259,35.1244974751,0.0855330863
259.1,35.1825752054,0.0859519331
259.2,35.2718050666,0.086369788
259.3,35.210590763,0.0868046596
259.4,35.3674436046,0.0872200027
259.5,35.6063563412,0.0876292881
259.6,35.5588176152,0.0880691282
259.7,35.6358885276,0.0884987683
259.8,36.0890686343,0.0888931444
259.9,35.7679945432,0.0893664954
260,35.928644207,0.0897943241
260.1,35.9905172414,0.0902341264
260.2,36.1405287032,0.0906673358
260.3,36.3376484647,0.0910980274
260.4,36.4306728654,0.0915412247
260.5,36.4469553038,0.0919943169
260.6,36.5468172568,0.0924413718
260.7,36.4878769663,0.0929064601
260.8,36.558865053,0.0933609078
260.9,36.7027952116,0.0938103832
261,36.9948893925,0.0942473871
261.1,36.8158963258,0.0947334103
261.2,37.4780208807,0.0951382093
261.3,37.12122967,0.0956463819
261.4,37.5219761809,0.0960817476
261.5,37.4318801102,0.0965681265
261.6,37.7216924342,0.097019223
261.7,37.7516467241,0.0974983378
261.8,37.7542471533,0.0979825533
261.9,37.8685403476,0.0984581419
262,38.1393555915,0.098920522
262.1,37.9048916011,0.0994354684
262.2,38.2205352213,0.0998983101
262.3,37.9625160047,0.1004205094
262.4,38.3541405355,0.1008807178
262.5,38.2860748899,0.1013889165
262.6,38.4360764998,0.1018780446
262.7,38.5078164507,0.1023773351
262.8,38.7208820903,0.1028650649
262.9,38.7006831908,0.1033784816
263,39.004166278,0.1038623014
263.1,38.882150877,0.1043908517
263.2,39.3368368772,0.1048646678
263.3,39.0552587838,0.105414118
263.4,39.3222688311,0.1059116989
263.5,39.295228853,0.1064410404
263.6,39.5295658081,0.1069471108
263.7,39.4774509107,0.1074841212
263.8,39.8538729602,0.1079812019
263.9,39.7744036716,0.1085261643
264,39.8172646306,0.1090616504
264.1,40.0189271163,0.1095840176
264.2,40.0040409525,0.1101305386
264.3,40.0309443043,0.1106756369
264.4,40.1847368127,0.1112108563
264.5,40.3825983144,0.1117443577
264.6,40.3882253188,0.1122996533
264.7,40.6149589561,0.1128357521
264.8,40.688588733,0.1133897397
264.9,40.6642014461,0.1139562653
265,40.7450485067,0.1145151091
265.1,40.7894237809,0.1150804254
265.2,40.9071210203,0.1156413129
265.3,41.0495118761,0.116202479
265.4,41.2785215429,0.1167578504
265.5,41.1804288607,0.1173485715
265.6,41.5811564991,0.117892628
265.7,41.4234170507,0.1184949119
265.8,41.6873763609,0.1190582501
265.9,41.6113163587,0.1196582777
266,41.9151651113,0.1202235449
266.1,41.9846093354,0.1208149197
266.2,42.3712773375,0.1213777328
266.3,42.0934833864,0.1220094464
266.4,42.2765189182,0.1225984618
266.5,42.2456649635,0.1232117106
266.6,42.5685060788,0.1237928706
266.7,42.5042190318,0.1244154222
266.8,42.7111867378,0.1250140903
266.9,42.9789394213,0.1256097734
267,42.958340331,0.1262370788
267.1,43.0425956886,0.1268570828
267.2,43.0558074267,0.1274872754
267.3,43.3205186687,0.1280955841
267.4,43.5457187906,0.1287109369
267.5,43.2489227462,0.1293812308
267.6,43.6074699617,0.1299896845
267.7,43.4417415401,0.1306533663
267.8,43.4861024816,0.1312994466
267.9,43.8005785035,0.1319219039
268,44.0652858458,0.1325524582
268.1,43.879799826,0.133230922
268.2,43.9868435513,0.1338836668
268.3,44.0973058793,0.1345393724
268.4,44.4057005231,0.13517864
268.5,44.3360845661,0.1358587299
268.6,44.5225270657,0.1365167649
268.7,44.5239530048,0.1371965221
268.8,44.7613022174,0.1378561672
268.9,44.972816995,0.138521733
269,44.9772804354,0.1392111612
269.1,45.3373387131,0.139868713
269.2,45.543912913,0.1405448295
269.3,45.4822702493,0.1412510173
269.4,45.6064028177,0.1419422301
269.5,45.6564523709,0.1426443001
269.6,45.7494311072,0.1433455814
269.7,45.7569295253,0.1440588866
269.8,45.999211535,0.1447524309
269.9,46.0720531789,0.1454662999
270,46.2463301101,0.146173619
270.1,46.4802522538,0.1468786033
270.2,46.4174642066,0.1476165986
270.3,46.2353838312,0.1483701392
270.4,46.6034121968,0.1490727124
270.5,46.6116653301,0.1498146531
270.6,46.9587974108,0.1505265314
270.7,46.8998051965,0.1512824625
270.8,47.0892733878,0.1520173822
270.9,47.0454762468,0.1527792268
271,47.329540679,0.153512249
271.1,47.2029218428,0.1542898169
271.2,47.5458709874,0.1550245248
271.3,47.557538006,0.1557959545
271.4,48.1459077027,0.1565138553
271.5,47.545158502,0.1573536601
271.6,48.1844347619,0.1580741957
271.7,48.1102394023,0.1588694276
271.8,48.4531845533,0.1596271318
271.9,48.2992067024,0.1604380386
272,48.7887957694,0.1611890104
272.1,48.7373922281,0.1619975565
272.2,49.0134704896,0.1627775062
272.3,48.6444606938,0.1636255943
272.4,49.2685351612,0.1643791477
272.5,49.1593824337,0.1652093891
272.6,49.5213175676,0.1659968906
272.7,49.3749321876,0.1668389755
272.8,49.7649792512,0.167631828
272.9,49.428637317,0.1685009916
273,49.891625663,0.1692949227
273.1,49.8584505783,0.1701422317
273.2,50.1094476066,0.1709654321
273.3,50.1127424129,0.1718174922
273.4,50.3409433417,0.1726514066
273.5,50.0836182195,0.1735377929
273.6,50.6810904249,0.1743435324
273.7,50.4549164057,0.1752353144
273.8,51.1610415309,0.1760387792
273.9,50.5990252378,0.1769724716
274,51.0825213668,0.1778067534
274.1,50.93916469,0.1787076374
274.2,51.2532192909,0.1795674659
274.3,51.2025591665,0.1804679549
274.4,51.6632576482,0.1813220062
274.5,51.3869291918,0.1822536202
274.6,51.7929190172,0.1831219762
274.7,51.6586754488,0.18404844
274.8,52.0403494296,0.1849282575
274.9,51.8726721218,0.1858670986
275,52.1897597298,0.1867624133
275.1,52.3913537776,0.1876736895
275.2,52.6354970111,0.1885852738
275.3,52.6167413402,0.1895276129
275.4,52.8981141755,0.1904447742
275.5,52.5678301962,0.1914274292
275.6,53.1227369455,0.1923269195
275.7,53.152606492,0.1932831801
275.8,53.5251545832,0.194210079
275.9,53.4159751659,0.1951895705
276,53.849307296,0.1961199868
276.1,53.3921280159,0.197143646
276.2,54.0625226712,0.1980602686
276.3,53.9730951628,0.1990570738
276.4,54.24762124,0.2000226105
276.5,54.3078768062,0.2010143554
276.6,54.4342359604,0.2020044919
276.7,54.322770108,0.2030232413
276.8,55.149682997,0.203953695
276.9,54.7122518989,0.2050146634
277,54.9822138062,0.2060104651
277.1,55.0143506551,0.2070349764
277.2,55.364092054,0.2080330449
277.3,55.4722092804,0.2090601204
277.4,55.6859408167,0.2100818795
277.5,55.6648865236,0.2111320433
277.6,55.7957956637,0.2121723175
277.7,55.7975341585,0.2132307149
277.8,56.1480299534,0.214259692
277.9,56.0753040418,0.2153359518
278,56.672740156,0.2163508616
278.1,56.4716024478,0.2174503648
278.2,56.6070649346,0.2185217745
278.3,56.91044713,0.219581973
278.4,57.093776519,0.220659366
278.5,57.0256038198,0.2217672062
278.6,57.5888423731,0.222817785
278.7,57.4135328076,0.2239470668
278.8,57.7662987132,0.2250294339
278.9,57.5750309001,0.2261713933
279,58.1716978237,0.2272406431
279.1,57.7684375829,0.228414782
279.2,58.3742204123,0.2294943566
279.3,58.2285379321,0.2306541247
279.4,58.5372282478,0.2317744704
279.5,58.4394125417,0.2329409181
279.6,58.9806065478,0.2340495863
279.7,59.1107355791,0.2352047615
279.8,59.3373610842,0.2363560248
279.9,59.2942485052,0.2375399549
280,59.6097712008,0.2386940895
280.1,59.5491806139,0.2398914619
280.2,59.9406835292,0.2410497789
280.3,60.1209546783,0.2422350028
280.4,60.2032076379,0.2434358431
280.5,60.1388137077,0.2446573068
280.6,60.7195083726,0.2458207129
280.7,60.5229031037,0.2470672773
280.8,60.804225403,0.2482725038
280.9,60.920665033,0.249500228
281,61.2597317564,0.2507119224
281.1,61.2781520417,0.2519616068
281.2,61.754744629,0.2531719176
281.3,61.3643778279,0.2544745778
281.4,61.8523655453,0.2556962872
281.5,61.798598182,0.2569781123
281.6,62.136898525,0.2582272808
281.7,62.078569962,0.2595222396
281.8,62.5680729311,0.2607691442
281.9,62.4808688049,0.2620796964
282,62.7135492029,0.2633649497
282.1,62.6681330608,0.2646843086
282.2,63.0330204599,0.2659694193
282.3,62.9963399574,0.2673009944
282.4,63.5272465277,0.2685827695
282.5,63.2124682256,0.26995512
282.6,63.6529534487,0.2712591343
282.7,63.6364035491,0.272615237
282.8,63.8884501562,0.2739513215
282.9,63.9345821056,0.2753215119
283,64.3211163792,0.2766508758
283.1,64.5416267247,0.2780104756
283.2,64.8335593559,0.2793696485
283.3,64.5370070686,0.2807943184
283.4,65.1738973451,0.2821331239
283.5,65.0258881717,0.2835568205
283.6,65.1320389229,0.2849621764
283.7,65.0862235693,0.2863899027
283.8,65.4978210918,0.2877791389
283.9,65.6294221716,0.2892033274
284,66.1158599599,0.2905992092
284.1,65.8398128092,0.2920780464
284.2,66.0739863921,0.2935133574
284.3,66.1197222498,0.2949747406
284.4,66.6946745311,0.2963906781
284.5,66.6142769636,0.297879057
284.6,67.081331663,0.2993202563
284.7,66.946224109,0.3008287474
284.8,67.311459726,0.3022948576
284.9,67.3891004081,0.3037970786
285,67.6779710466,0.3052856646
285.1,67.7715654014,0.3068012402
285.2,68.0547347075,0.3083054704
285.3,67.8903658595,0.3098618413
285.4,68.1902486057,0.3113796853
285.5,68.2450864775,0.3129296516
285.6,68.7896301734,0.3144384838
285.7,68.6480505691,0.3160233177
285.8,69.2963077054,0.3175373562
285.9,69.0399917364,0.3191490833
286,69.4857527577,0.3206989052
286.1,69.3373291198,0.3223157719
286.2,69.7701703395,0.3238827054
286.3,69.5396827285,0.3255237067
286.4,70.3357176233,0.3270706199
286.5,70.0239258263,0.32873563
286.6,70.5764339273,0.3303228273
286.7,70.2361457603,0.3320069641
286.8,70.689493759,0.3336204067
286.9,70.6090629417,0.3352951761
287,71.1490281863,0.3369164451
287.1,71.1977647577,0.3385949275
287.2,71.438735766,0.3402624292
287.3,71.3955304673,0.3419667674
287.4,71.686267054,0.3436463036
287.5,71.8599889848,0.3453460024
287.6,72.1305872314,0.347044413
287.7,72.1094108336,0.3487805148
287.8,72.5942769483,0.3504748229
287.9,72.7034076438,0.3522151291
288,73.0587204562,0.3539394928
288.1,73.0269003486,0.3557111648
288.2,73.4156424402,0.3574496793
288.3,73.3895178942,0.3592383886
288.4,73.8489207251,0.36098758
288.5,73.7019806584,0.3628059951
288.6,74.2631970974,0.3645628795
288.7,74.0170965054,0.366408996
288.8,74.6295980888,0.3681787638
288.9,74.4617563702,0.3700351772
289,74.8645426931,0.3718439479
289.1,74.7726803468,0.373711157
289.2,75.1929394527,0.3755365733
289.3,75.0835977958,0.3774240243
289.4,75.7226837267,0.3792462635
289.5,75.448456361,0.3811686792
289.6,75.8846652838,0.3830298352
289.7,75.8687756225,0.3849454921
289.8,76.4843003798,0.3868077808
289.9,76.2305815391,0.3887660058
290,77.0292212936,0.3906291476
290.1,76.614415684,0.3926225427
290.2,77.1265972802,0.3945335053
290.3,76.89870563,0.3965278294
290.4,77.3326216048,0.3984661102
290.5,77.5940551033,0.4004314658
290.6,77.7354341977,0.4024184499
290.7,77.9018858061,0.4044130239
290.8,78.2210609839,0.4064021428
290.9,78.059263652,0.4084493598
291,78.6109424207,0.4104356688
291.1,78.4058313254,0.4125073345
291.2,78.9666244821,0.41451301
291.3,79.1923319408,0.4165622486
291.4,79.4317145207,0.4186202073
291.5,79.2683865985,0.4207287044
291.6,79.6962027419,0.4227887766
291.7,79.4409319472,0.4249273081
291.8,80.2387805229,0.4269715531
291.9,80.193218439,0.4291101197
292,80.2775850387,0.4312463285
292.1,80.2646917377,0.4334031127
292.2,80.8816939167,0.4355077594
292.3,80.9637753262,0.4376763937
292.4,81.39385611,0.4398210776
292.5,81.083102561,0.4420503853
292.6,81.6051186862,0.4442077595
292.7,81.6704761508,0.446421612
292.8,81.9964527758,0.4486204062
292.9,82.1111951752,0.4508513574
293,82.6225660514,0.4530538331
293.1,82.0853717609,0.4553718701
293.2,82.5579873416,0.4576008971
293.3,82.5397517792,0.4598901138
293.4,83.0822676474,0.4621347449
293.5,82.9584118882,0.4644571111
293.6,83.6977194035,0.4667050043
293.7,83.6278073956,0.4690448238
293.8,84.1232059159,0.4713400323
293.9,83.7083275165,0.4737373707
294,84.4802996001,0.476028457
294.1,84.4255758479,0.4784134694
294.2,84.8457430944,0.4807630199
294.3,84.6891980461,0.4831818232
294.4,85.2392918677,0.4855422673
294.5,85.3190493829,0.4879615461
294.6,85.9625980668,0.4903366447
294.7,85.6138076401,0.4928225008
294.8,85.9032715979,0.4952571326
294.9,85.9587059529,0.4977274313
295,86.4981494455,0.500161767
295.1,86.3712203832,0.5026747732
295.2,86.8734279004,0.5051375735
295.3,86.5922490159,0.5076908219
295.4,87.7023158323,0.5101182545
295.5,87.3253938902,0.5127059789
295.6,87.5821676515,0.5152433216
295.7,87.866292993,0.5177909616
295.8,88.0827912836,0.5203578238
295.9,88.0644998418,0.5229611201
296,88.5628904446,0.5255258066
296.1,88.3842702815,0.528170956
296.2,88.9464820114,0.5307554366
296.3,88.8833513394,0.5334152352
296.4,89.4896286503,0.5360215683
296.5,89.3353136554,0.5387168247
296.6,89.9339880417,0.5413504236
296.7,89.692287808,0.5440810223
296.8,90.1709042912,0.5467534168
296.9,90.300756265,0.5494741118
297,90.94881025,0.5521566924
297.1,90.7914414951,0.5549330214
297.2,91.4303727636,0.5576438197
297.3,91.387733529,0.5604361951
297.4,91.6672600602,0.5632103177
297.5,91.838888141,0.566009254
297.6,92.2460613322,0.5687986258
297.7,92.0263715703,0.571664456
297.8,92.6782053438,0.5744576895
297.9,92.5246158,0.5773453025
298,92.9112635644,0.580193415
298.1,92.8397306546,0.5831015906
298.2,93.5128296968,0.5859499773
298.3,93.5924980554,0.5888719455
298.4,94.0292845726,0.5917727506
298.5,94.0215671667,0.5947325014
298.6,94.4933007795,0.5976591615
298.7,94.3716034129,0.6006597389
298.8,94.9003191737,0.6036103915
298.9,94.9381811176,0.606624906
299,95.4144632838,0.6096106306
299.1,95.3702580704,0.6126633457
299.2,95.873888871,0.6156766105
299.3,95.8729886629,0.6187553945
299.4,96.202612621,0.6218164388
299.5,96.1925889728,0.6249268301
299.6,97.0502907507,0.627966242
299.7,96.8966533455,0.6311217622
299.8,97.3060487793,0.63423684
299.9,97.4194867657,0.6373973379
300,97.8486323045,0.6405419941
300.1,98.012213631,0.6437290953
300.2,98.2229018052,0.646927094
300.3,98.2876992509,0.6501559898
300.4,99.029884598,0.6533333241
300.5,98.8728052343,0.6566163475
300.6,99.3950133947,0.6598479104
300.7,99.3811566705,0.6631493477
300.8,100.0439281971,0.6663995922
300.9,100.0627384551,0.6697305638
301,100.3022772814,0.673055878
301.1,100.2378799144,0.6764284207
301.2,101.1080742604,0.6797245231
301.3,100.9289361273,0.6831418972
301.4,101.4685972114,0.6865045028
301.5,101.2092906243,0.689963779
301.6,101.9734764492,0.6933381814
301.7,101.8824668137,0.6968149638
301.8,102.3495517992,0.7002532596
301.9,102.2763920913,0.7037628516
302,102.8718828363,0.7072231475
302.1,103.1315240498,0.7107345271
302.2,103.6020161047,0.7142421336
302.3,103.4916120566,0.7178254597
302.4,103.9632376102,0.7213684392
302.5,104.0412660088,0.7249687361
302.6,104.3958708554,0.7285590902
302.7,104.3526993444,0.7322074136
302.8,105.0355461306,0.7358013861
302.9,105.2343753545,0.739461916
303,105.3093484258,0.7431526375
303.1,105.6103655337,0.74685842
303.2,106.0337127661,0.7505703099
303.3,106.0976648981,0.7542810153
303.4,106.6877925931,0.7579948757
303.5,106.7388142909,0.7617814661
303.6,107.3015813867,0.7655356076
303.7,107.2591367106,0.7693692189
303.8,107.6657510756,0.7731769112
303.9,107.8881020527,0.7770224482
304,108.2795130025,0.7808699179
304.1,108.3248155991,0.7847716325
304.2,109.0554861198,0.7886241753
304.3,109.1433326062,0.7925604404
304.4,109.4982577931,0.7964893558
304.5,109.5177121109,0.8004717938
304.6,109.8657917857,0.8044409788
304.7,109.9862971425,0.8084531985
304.8,110.640203604,0.8124319098
304.9,110.5456683912,0.8165055178
305,111.0962301397,0.8205348499
305.1,111.10426552,0.8246388632
305.2,111.5549017209,0.8287188161
305.3,111.7038793858,0.8328497458
305.4,112.2464485304,0.8369616853
305.5,112.0667897921,0.8411666009
305.6,113.0637336608,0.8452749976
305.7,112.8316387674,0.8495267616
305.8,113.5489556504,0.8537048019
305.9,113.4353876912,0.8579869685
306,114.0079483323,0.8622217488
306.1,114.1667741823,0.8665194054
306.2,114.6496666675,0.8708056821
306.3,114.6781729513,0.8751590689
306.4,115.2210849505,0.8794825811
306.5,115.2199498756,0.8838823818
306.6,116.1754457275,0.8882085442
306.7,115.7829868082,0.8926909277
306.8,116.3760326598,0.8970972325
306.9,116.589155989,0.9015639188
307,117.0142700517,0.9060313771
307.1,117.0404654888,0.9105613797
307.2,117.6555309768,0.9150549813
307.3,117.6368879732,0.9196346371
307.4,118.4305073678,0.924155891
307.5,118.3586676303,0.9287863423
307.6,119.0481812878,0.933363782
307.7,119.0599154925,0.9380320749
307.8,119.5169106632,0.9426788937
307.9,119.3911059103,0.9474074979
308,120.0410916608,0.9520820699
308.1,120.0186165001,0.9568474575
308.2,120.5948896805,0.9615766039
308.3,120.9736006886,0.9663496364
308.4,121.3530674329,0.9711459451
308.5,121.450629767,0.9759948622
308.6,122.0192878121,0.980820593
308.7,122.1039242985,0.9857192455
308.8,122.6247039671,0.9905984553
308.9,122.6888161275,0.9955480632
309,123.2308626433,1.0004743716
309.1,123.4552920484,1.0054575139
309.2,123.9988495612,1.010433321
309.3,123.8623465556,1.0155022246
309.4,124.7143899784,1.020497556
309.5,124.4449061045,1.0256300733
309.6,125.3242949059,1.0306733978
309.7,125.3093481362,1.0358315663
309.8,125.9660950854,1.0409481255
309.9,125.8128483567,1.0461714576
310,126.5638063557,1.0513304115
310.1,126.6445810188,1.0565824606
310.2,127.4988682276,1.0617832259
310.3,127.5484801655,1.0670907164
310.4,128.0418341456,1.0723800592
310.5,128.0481257678,1.0777449168
310.6,128.8598435159,1.0830557451
310.7,128.7263150062,1.0884879102
310.8,129.3997323632,1.0938664464
310.9,129.5792485297,1.0993216177
311,130.2389793253,1.1047556766
311.1,130.1221479247,1.1102948759
311.2,130.8099831899,1.1157810974
311.3,130.6718664305,1.1213774887
311.4,131.4288375055,1.1269123134
311.5,131.4153247349,1.1325521336
311.6,132.1616482765,1.1381439982
311.7,132.0584642283,1.1438489865
311.8,132.9544666656,1.1494825012
311.9,132.8892645748,1.1552404613
312,133.6059345086,1.1609487127
312.1,133.8142652181,1.1667368819
312.2,134.4184685183,1.1725140287
312.3,134.3274112681,1.1783898811
312.4,135.0258247318,1.1842159423
312.5,135.0662097214,1.1901373436
312.6,135.9272191638,1.1960060516
312.7,135.5261253085,1.2020303919
312.8,136.4296754785,1.2079544172
312.9,136.6850747863,1.2139732867
313,137.4070122834,1.2199751535
313.1,137.6092120043,1.2260593824
313.2,137.91170569,1.2321634769
313.3,137.9034181297,1.2383296193
313.4,138.6352122361,1.2444523325
313.5,138.6702248312,1.2506754625
313.6,139.8199219945,1.2568182807
313.7,139.5152736255,1.263137112
313.8,140.2394476434,1.2693847237
313.9,140.2265679278,1.2757374448
314,140.8473921951,1.2820583045
314.1,141.3109231972,1.2884270914
314.2,141.8785473255,1.2948168196
314.3,141.9530270017,1.3012882706
314.4,142.9788258512,1.3076967353
314.5,142.5913088584,1.3142784932
314.6,143.3541902224,1.3207781824
314.7,143.4939934602,1.3273730256
314.8,144.3776787065,1.3339262278
314.9,144.0889179613,1.3406294991
315,145.2218206949,1.3472242047
315.1,145.0105521852,1.3539863806
315.2,145.9192891059,1.3606703088
315.3,145.884292612,1.3674822557
315.4,146.7193128211,1.3742410476
315.5,146.6957019177,1.3811198028
315.6,147.3498670175,1.3879648796
315.7,147.651457733,1.3948800103
315.8,148.3724772226,1.4017873383
315.9,148.4954920112,1.4087893752
316,149.0766876912,1.4157802801
316.1,149.2072885102,1.4228516503
316.2,149.961716727,1.4298957062
316.3,150.0687497963,1.4370400801
316.4,150.6233260506,1.4441749882
316.5,150.8162090708,1.4513823038
316.6,151.50070645,1.4585761261
316.7,151.511973397,1.4658735868
316.8,152.6402085479,1.4730958176
316.9,152.5283673933,1.4804782267
317,153.0973425719,1.487829119
317.1,153.2962656811,1.4952544107
317.2,154.206399234,1.5026454244
317.3,154.410248195,1.5101446612
317.4,155.3237881273,1.5176101311
317.5,155.4527788333,1.5251919053
317.6,155.893680407,1.5327797478
317.7,156.1867847527,1.540421133
317.8,156.8928598132,1.5480588297
317.9,157.0165045506,1.5557936138
318,157.7647377126,1.5635040691
318.1,158.083649746,1.5712967277
318.2,158.8231311394,1.5790856616
318.3,158.9418093405,1.586976221
318.4,159.7139504999,1.5948404004
318.5,159.8219768235,1.6028109599
318.6,160.5154597671,1.6107622314
318.7,160.7499868166,1.618799861
318.8,161.2405760319,1.6268513811
318.9,161.5742491353,1.6349597471
319,162.4082760418,1.6430579904
319.1,162.5136000846,1.6512702173
319.2,163.0843248565,1.6594762487
319.3,163.4764775686,1.6677421529
319.4,164.3051569183,1.6760050265
319.5,164.3922153084,1.6843840263
319.6,165.2444354783,1.692727848
319.7,165.2915868825,1.701194512
319.8,165.9743457093,1.7096394054
319.9,166.5503380125,1.7181381486
320,167.2228240848,1.7266688736
320.1,166.8337910154,1.7353488628
320.2,167.9857277484,1.7439180335
320.3,167.9918016828,1.7526451079
320.4,168.8299049494,1.7613320642
320.5,168.8333039122,1.7701465725
320.6,169.8131041391,1.7789070835
320.7,169.9764361872,1.7877937115
320.8,170.9034114149,1.7966478163
320.9,170.9747856774,1.8056323885
321,172.0050852323,1.8145655362
321.1,171.9989386584,1.8236475769
321.2,172.6758912606,1.8327060182
321.3,172.9212396475,1.841853803
321.4,173.7140537731,1.8509918678
321.5,173.7542257923,1.8602516118
321.6,174.4360852789,1.8694928511
321.7,174.5328498694,1.8788396007
321.8,175.4323908758,1.8881522022
321.9,175.9656744671,1.8975489644
322,176.6904330167,1.906972636
322.1,176.9178591003,1.9164940507
322.2,177.5806729557,1.926018819
322.3,177.9015441491,1.935626339
322.4,178.4959543804,1.945253625
322.5,178.887854906,1.954950341
322.6,179.8291215552,1.9646398491
322.7,179.9277012836,1.9744628029
322.8,180.5471525859,1.9842819779
322.9,180.806044138,1.994187328
323,181.7985667122,2.0040681276
323.1,181.886473455,2.0140895463
323.2,182.8162906681,2.0240762052
323.3,183.0135987505,2.0341869486
323.4,183.8521977032,2.0443852744
323.5,183.9533751151,2.0545564696
323.6,184.7988221582,2.0647028023
323.7,184.9767179091,2.0750188703
323.8,185.8430339668,2.0853168949
323.9,186.0110333131,2.095737154
324,186.7192812053,2.1061545659
324.1,187.0263157271,2.1166653116
324.2,187.9503444452,2.1271660672
324.3,188.4465646592,2.1377632145
324.4,189.0005248617,2.1484063971
324.5,189.2307765028,2.1591363183
324.6,190.0362304764,2.1698614657
324.7,190.442749932,2.1806812961
324.8,191.4693035484,2.1914923539
324.9,191.4396458387,2.2024638181
325,192.4259080319,2.2133876665
325.1,192.5155284589,2.2244569424
325.2,193.3604378576,2.235505192
325.3,193.5115871248,2.2466790516
325.4,194.5175669756,2.2578225129
325.5,194.3624736042,2.2691386103
325.6,195.5766349833,2.2803737736
325.7,195.8204471709,2.2917630869
325.8,196.5368815504,2.3031610806
325.9,196.693289787,2.3146731723
326,197.6680560637,2.3261601063
326.1,197.8214044615,2.3377876422
326.2,198.8394625437,2.3493859952
326.3,198.9753135696,2.3611315594
326.4,199.6612926545,2.3728798258
326.5,199.858671443,2.3847368821
326.6,200.5621065125,2.3966015986
326.7,200.976024319,2.4085558834
326.8,201.9765437983,2.4205102433
326.9,201.9451624349,2.4326285669
327,203.0831955873,2.4446897443
327.1,203.2713923835,2.4569072529
327.2,204.0287142158,2.4691278542
327.3,204.1439426913,2.4814749895
327.4,205.2895318788,2.4937799949
327.5,205.2710029162,2.5062638518
327.6,206.2562397621,2.5187088943
327.7,206.5332746882,2.5312881509
327.8,207.473657876,2.5438629197
327.9,207.6040172168,2.5565827419
328,208.4851090276,2.569290022
328.1,209.0576855018,2.5820931557
328.2,209.5687021306,2.5949649696
328.3,209.8897415385,2.6079216461
328.4,210.9463166535,2.6208684706
328.5,210.8904412826,2.6339923643
328.6,211.9568718373,2.6470684886
328.7,212.2489903519,2.6602889513
328.8,212.9065915731,2.6735376445
328.9,213.2989885856,2.6868806313
329,214.1267758095,2.700245524
329.1,214.2516772527,2.7137488407
329.2,215.3187979408,2.7272244496
329.3,215.3281761256,2.7408743367
329.4,216.5419268748,2.7544711127
329.5,216.7404869982,2.7682385875
329.6,217.5484463836,2.7820127088
329.7,217.8556426872,2.7959073023
329.8,218.9325699038,2.8097931912
329.9,218.8932432737,2.8238613239
330,219.9921821064,2.8378849592
330.1,220.0660503637,2.8520824766
330.2,221.0753004353,2.8662562898
330.3,221.5115992945,2.8805598202
330.4,222.3050226738,2.8948976853
330.5,222.3393272404,2.9093845769
330.6,223.3941191024,2.9238407706
330.7,223.6464794864,2.9384508794
330.8,224.5743483046,2.9530651801
330.9,224.9710574093,2.9678072584
331,225.7902396092,2.9825793501
331.1,226.294823707,2.9974584802
331.2,227.1443746039,3.0123759443
331.3,227.47720245,3.0274213564
331.4,228.6435917542,3.04245735
331.5,228.5037554395,3.0577003536
331.6,229.5903321226,3.0728958485
331.7,229.7726525864,3.0882592267
331.8,230.6745546433,3.1036260631
331.9,230.9206767575,3.1191369138
332,231.9745253797,3.134643234
332.1,232.2502548766,3.1503064347
332.2,232.966694629,3.166002029
332.3,233.4581990365,3.181800816
332.4,234.3189861299,3.1976400404
332.5,234.5703439845,3.2136211041
332.6,235.6347480947,3.2295993711
332.7,235.8344065128,3.2457455566
332.8,236.955772755,3.2618789766
332.9,237.0573794001,3.2781962021
333,238.222029857,3.2944877726
333.1,238.4322689556,3.3109574737
333.2,239.7625426124,3.3273965468
333.3,239.7888638106,3.3440496498
333.4,240.6966206149,3.3606957535
333.5,240.9143996943,3.37749618
333.6,242.0721246447,3.3942851775
333.7,242.3711802221,3.4112453488
333.8,243.1003082872,3.428245654
333.9,243.4882387854,3.445366664
334,244.6291873019,3.4624967641
334.1,244.7587310241,3.4798153089
334.2,246.0197092229,3.4971059148
334.3,246.453931068,3.5145670744
334.4,247.2141230601,3.5320814802
334.5,247.8663974333,3.5496960673
334.6,248.6463152587,3.5673843445
334.7,249.1845775925,3.5851869987
334.8,249.8124894302,3.6030687629
334.9,250.2268606834,3.6210634768
335,251.2187202934,3.6390886306
335.1,251.6269807119,3.6572643051
335.2,252.7343094614,3.6754592555
335.3,253.0099397046,3.693830175
335.4,254.0655650171,3.7122132904
335.5,254.3176065723,3.7307706048
335.6,255.3694001395,3.7493390418
335.7,255.8588696888,3.7680585802
335.8,256.8475610233,3.786819964
335.9,256.9946736549,3.8057612732
336,258.0653984123,3.824703204
336.1,258.4693153616,3.8438086004
336.2,259.6669061174,3.8629284154
336.3,259.986443041,3.8822335903
336.4,260.893347561,3.9015746856
336.5,261.549475503,3.9210398707
336.6,262.5448716532,3.9405664173
336.7,262.6682915972,3.9602798411
336.8,263.9102333589,3.9799783038
336.9,264.140381044,3.9998784044
337,265.1349481053,4.0197997119
337.1,265.616959873,4.0398741421
337.2,266.7756255079,4.0599793537
337.3,267.1155046101,4.0802691155
337.4,268.1119009162,4.1005926632
337.5,268.5843428355,4.1210725281
337.6,269.5822231193,4.1416002303
337.7,269.8513612107,4.1623056807
337.8,270.906576136,4.1830340931
337.9,271.3493098838,4.2039296899
338,272.350916839,4.2248718419
338.1,272.822489015,4.2459740327
338.2,273.8882689526,4.2671202585
338.3,274.5330564463,4.28841675
338.4,275.4095890823,4.3097942524
338.5,275.7625448667,4.331333435
338.6,276.8928398576,4.3529005416
338.7,277.1781280812,4.3746622865
338.8,278.3007862884,4.3964470764
338.9,278.7163555376,4.4184138747
339,279.7531088305,4.4404262495
339.1,280.23208928,4.4626069381
339.2,281.359609721,4.4848314915
339.3,281.5118016625,4.507266995
339.4,282.9006824143,4.5296891427
339.5,283.3096747904,4.5523237228
339.6,284.3957030582,4.5750015186
339.7,284.9908266544,4.5978444453
339.8,285.9711913114,4.6207606593
339.9,286.5294201882,4.6438363443
340,287.7578464972,4.6669581238
340.1,287.8878401035,4.6903076829
340.2,289.1470009743,4.7136590683
340.3,289.6804515913,4.7372023454
340.4,290.6238395317,4.7608198783
340.5,291.0554239328,4.7846093924
340.6,292.2385138615,4.808440392
340.7,292.9960468521,4.8324359432
340.8,294.0198990549,4.8565222261
340.9,294.4042859282,4.8807955752
341,295.7252110147,4.905094369
341.1,296.1433700044,4.9296065842
341.2,297.285299424,4.9541665962
341.3,297.6354052344,4.9789307872
341.4,298.6443112181,5.0037509051
341.5,299.2337374426,5.0287395365
341.6,300.2813539386,5.0538051808
341.7,301.0135948025,5.0790301989
341.8,302.139435673,5.1043397747
341.9,302.6596233513,5.1298388958
342,303.6296426255,5.1554183298
342.1,304.2037372155,5.1811677469
342.2,305.4024378234,5.2069814055
342.3,305.8389470339,5.2330027121
342.4,307.1021927276,5.2590698955
342.5,307.6397211256,5.2853419342
342.6,309.1058116945,5.3116504492
342.7,309.3119817884,5.3382186415
342.8,310.6503646857,5.3648044999
342.9,311.053299139,5.3916192785
343,312.1332726019,5.4184981931
343.1,312.4571308873,5.4455896181
343.2,314.125212553,5.4726797292
343.3,314.4794185167,5.5000393405
343.4,315.8837705179,5.5274287656
343.5,316.3975052211,5.5550466896
343.6,317.3724703084,5.5827541518
343.7,318.1453290266,5.61034324
343.8,319.2417780215,5.6385985476
343.9,319.7538944591,5.6667743057
344,321.1125070515,5.6950040376
344.1,321.7286789005,5.7234524377
344.2,323.0120125877,5.7519734152
344.3,323.5080709801,5.7807189816
344.4,324.5117135864,5.8095544504
344.5,325.2113726215,5.8385680647
344.6,326.5743944386,5.8676574065
344.7,327.1478597929,5.8969744635
344.8,328.2175111572,5.9263853642
344.9,329.1032415028,5.9559653503
345,330.2663082783,5.985662347
345.1,331.031923016,6.0155510805
345.2,332.1584626004,6.0455499388
345.3,332.8449953725,6.0757463838
345.4,333.8932128111,6.1060543597
345.5,334.5629744544,6.1365553994
345.6,335.9515723166,6.1671339333
345.7,336.7307053189,6.1979299232
345.8,337.8555651912,6.2288419759
345.9,338.7463488075,6.2599358244
346,339.7351325812,6.2911717959
346.1,340.4260080941,6.3225975497
346.2,341.6335875271,6.3541254473
346.3,342.3608826452,6.3858627937
346.4,343.6656737396,6.4176977583
346.5,344.4932195558,6.4497434292
346.6,345.6710515687,6.481910826
346.7,346.2606921775,6.5143015903
346.8,347.6041257758,6.5467757138
346.9,348.2431026116,6.5794863589
347,349.4785732741,6.6122975252
347.1,350.3545813612,6.6453127058
347.2,351.7275365776,6.6784397089
347.3,351.9727682041,6.7118487532
347.4,353.6807818038,6.7452754813
347.5,354.33782108,6.7789782249
347.6,355.6430280527,6.8127811092
347.7,356.3911960664,6.846812757
347.8,357.9813073522,6.8809268917
347.9,358.5288008861,6.9153196606
348,359.8034924145,6.9498081164
348.1,360.5644580164,6.9845245145
348.2,361.8497275797,7.0193583989
348.3,362.536921128,7.0544303878
348.4,364.0273037402,7.0895938027
348.5,364.7683886036,7.1250120749
348.6,366.0884908138,7.1605457697
348.7,367.07420274,7.196294931
348.8,368.2088255665,7.2322039277
348.9,368.9467450516,7.2683365134
349,370.7948569164,7.3045352072
349.1,371.1337616157,7.3410696098
349.2,372.5197866158,7.3776783514
349.3,373.2856944016,7.4145365104
349.4,374.7582846272,7.4515044376
349.5,375.3805047282,7.4887465261
349.6,376.9571375331,7.5260755497
349.7,377.9334092436,7.5636557514
349.8,379.1824560211,7.6013924672
349.9,379.9603251782,7.639369481
350,381.4517167317,7.677461045
350.1,382.2219197506,7.7158196912
350.2,383.7041255961,7.7542949224
350.3,384.5350537353,7.7930322056
350.4,385.9807164169,7.8318976107
350.5,386.573724001,7.8710470829
350.6,388.1340650063,7.9102916324
350.7,388.9526971046,7.9498111795
350.8,390.4574958068,7.989455546
350.9,391.25858018,8.0293731865
351,392.6531220139,8.0694267793
351.1,393.5415258798,8.1097361418
351.2,395.0249072587,8.150183249
351.3,395.8676452236,8.1909014577
351.4,397.5941282019,8.2317307228
351.5,398.1959015286,8.2728811769
351.6,399.652543287,8.3141476368
351.7,400.6835957323,8.3556680362
351.8,402.0983698089,8.397353153
351.9,402.6901178603,8.4393338549
352,404.4521002112,8.4814032319
352.1,405.4586883317,8.5237634653
352.2,406.785544964,8.5662987706
352.3,407.7673606431,8.6090891145
352.4,409.1974909593,8.6520430265
352.5,410.1526340925,8.6952653419
352.6,411.7027560605,8.7386387449
352.7,412.5233174639,8.7823080111
352.8,413.9882524269,8.8261256926
352.9,414.8748496288,8.8702264505
353,416.487132025,8.9144695872
353.1,417.4857397603,8.9590006379
353.2,418.7544609527,9.0037215086
353.3,419.797445294,9.048695903
353.4,421.4107117077,9.0938324282
353.5,422.3711655952,9.1392653465
353.6,423.7799340558,9.1848756225
353.7,424.7589260212,9.2307616226
353.8,426.547195821,9.2767903353
353.9,427.3551244198,9.3231535619
354,429.1034177707,9.3696488021
354.1,430.0427314046,9.4164629151
354.2,431.5519474472,9.4634490849
354.3,432.4478628054,9.5107371337
354.4,434.0983422537,9.5581811974
354.5,434.9261609058,9.6059503244
354.6,436.6320316935,9.6538655025
354.7,437.5213199379,9.7021075848
354.8,439.2073487454,9.7505060643
354.9,440.092372248,9.7992324621
355,441.8634280107,9.8481087762
355.1,442.8110595057,9.8973176017
355.2,444.442583125,9.9466987593
355.3,445.349091713,9.9964052798
355.4,446.9554510701,10.0462850422
355.5,448.0347555859,10.0964729475
355.6,449.6623055203,10.146851523
355.7,450.749120918,10.1975422245
355.8,452.2800715131,10.2484363823
355.9,453.5655192337,10.2996159215
356,454.9436346202,10.3510362857
356.1,456.0583878935,10.4027465126
356.2,457.9026304816,10.4546367933
356.3,458.8580871734,10.5068815392
356.4,460.3906669808,10.5593240925
356.5,461.612387599,10.6120665127
356.6,463.266464599,10.6650235444
356.7,464.1818395142,10.7183256473
356.8,465.8943384127,10.7718088223
356.9,467.133350929,10.8256133866
357,468.7895211097,10.8796393114
357.1,469.9110291416,10.9339953909
357.2,471.5583653552,10.9885647263
357.3,472.6581194615,11.0434683472
357.4,474.3095396005,11.0985853121
357.5,475.4228757815,11.1540384257
357.6,477.3405569802,11.2096824349
357.7,478.400979952,11.2656970321
357.8,480.074244063,11.3219243801
357.9,481.2610978493,11.3784883767
358,483.034955191,11.4352703212
358.1,484.0799809125,11.4924159048
358.2,485.8499390471,11.5497685985
358.3,486.9936560848,11.6074776058
358.4,488.5062741787,11.6654318887
358.5,489.8828110429,11.7236968316
358.6,491.720962284,11.7821982154
358.7,492.7725227757,11.8410766169
358.8,494.7944773835,11.9001472714
358.9,495.6901460895,11.9596316572
359,497.3533047019,12.0193314494
359.1,498.8081858769,12.0793569087
359.2,500.4841589238,12.1396547943
359.3,501.6987926135,12.2003065847
359.4,503.3966982217,12.2612077818
359.5,504.7700534237,12.3224522704
359.6,506.4724119712,12.3839644614
359.7,507.6830312799,12.4458397026
359.8,509.1975753637,12.5079882287
359.9,510.5919924352,12.5704661404
360,512.4932399577,12.6332001144
360.1,513.7591163305,12.6963176655
360.2,515.6366957646,12.7596839583
360.3,517.0149333309,12.8234235657
360.4,518.7670104993,12.8874386637
360.5,519.6990462558,12.9518622171
360.6,521.6174397327,13.0165036555
360.7,522.9369357635,13.0815348707
360.8,525.0338043989,13.1468077233
360.9,526.4580593216,13.2124808048
361,528.1353213383,13.2784509111
361.1,529.3443945939,13.3448045087
361.2,531.3118422094,13.4114081615
361.3,532.5086393714,13.4784285962
361.4,534.3596976884,13.5457127023
361.5,535.7630838973,13.6133849945
361.6,537.6611415102,13.6813399634
361.7,538.8721404575,13.7497103906
361.8,541.0505021301,13.8183199779
361.9,542.2591008724,13.8873763987
362,544.5665352239,13.9566622851
362.1,545.5417060603,14.0264345428
362.2,547.6567505712,14.0964356931
362.3,548.819507451,14.1668890103
362.4,550.8964317271,14.2375970413
362.5,552.3630474255,14.3087268815
362.6,554.2483388037,14.3801639906
362.7,555.7193892392,14.4520071345
362.8,557.7459078981,14.5241473982
362.9,559.1575552971,14.596717321
363,561.369378061,14.6695635947
363.1,562.6889427667,14.7428706796
363.2,564.4993789739,14.816488528
363.3,565.7694170084,14.8905361251
363.4,568.0235416824,14.9648490431
363.5,569.364885851,15.0396322791
363.6,571.237379501,15.1147295239
363.7,572.7070257165,15.1902503841
363.8,574.9152917293,15.2660682232
363.9,576.5966992154,15.3430919414
364,578.2045964857,15.418967348
364.1,579.9931604105,15.495984384
364.2,582.0696857573,15.5733488977
364.3,583.6004863049,15.651164391
364.4,585.6388780372,15.7293095213
364.5,587.3215353343,15.8078907329
364.6,589.2951931796,15.886826877
364.7,590.6600458278,15.9662283557
364.8,592.8744754094,16.0459332153
364.9,594.5211369598,16.1261032388
365,596.4352393302,16.2066383411
365.1,598.0528811985,16.2876158699
365.2,600.5353007379,16.3689029657
365.3,602.0684438525,16.4507013259
365.4,604.261932568,16.5328335927
365.5,605.6034188681,16.6154717563
365.6,607.8499620006,16.6984236165
365.7,609.3258180839,16.7818774885
365.8,611.3381442281,16.8656857219
365.9,613.2713581466,16.9499315163
366,615.6878446133,17.0345408288
366.1,617.1421266252,17.119679697
366.2,619.2438353218,17.2051700564
366.3,621.1721930092,17.2911160459
366.4,623.3938287808,17.3774527683
366.5,625.0150050244,17.464291889
366.6,627.1255330366,17.5515065719
366.7,628.7746758999,17.6392143394
366.8,631.0294473831,17.7272903799
366.9,632.9725485807,17.8158490275
367,634.9892924495,17.9048329391
367.1,636.8547204557,17.9942881726
367.2,639.1958207798,18.0841331623
367.3,640.9349350726,18.1744987154
367.4,643.1185621306,18.2652614798
367.5,645.1546714167,18.3565043223
367.6,647.3396599506,18.4481781154
367.7,649.3269706575,18.540341631
367.8,651.7701941101,18.6329100462
367.9,653.3469512712,18.7260392891
368,655.515658004,18.8195646311
368.1,657.472244845,18.913590613
368.2,659.9653028409,19.0080226487
368.3,661.3646538104,19.1030475997
368.4,663.9236659224,19.198421466
368.5,665.7568035092,19.294356579
368.6,668.105132337,19.3907090994
368.7,669.9365817171,19.4876071037
368.8,672.4891799456,19.5849067818
368.9,674.2452203406,19.6827845759
369,676.7771292333,19.7810633697
369.1,678.5481977751,19.8799217596
369.2,680.9651762882,19.9791988624
369.3,682.9025100642,20.0790327009
369.4,685.2121560618,20.1793173087
369.5,687.1470348729,20.2801533118
369.6,689.7392241975,20.3814166028
369.7,691.5337066904,20.4832804913
369.8,694.1625786914,20.5855611427
369.9,696.0055216434,20.6884464733
370,698.4062158895,20.791776902
370.1,700.115218429,20.8957080291
370.2,702.8387319148,21.0000439573
370.3,704.5619919709,21.1050165208
370.4,706.9513032615,21.2104335271
370.5,709.1155597211,21.3164156273
370.6,711.6699875049,21.4228746154
370.7,713.4301171729,21.5299605784
370.8,716.121539748,21.6374749964
370.9,718.0794624914,21.7456157953
371,720.6403570249,21.8542228085
371.1,722.4802897465,21.9634584576
371.2,725.0314946023,22.0731570179
371.3,727.064656873,22.183471805
371.4,729.575389955,22.2942758717
371.5,731.7615005544,22.4056825983
371.6,734.1842593328,22.5176078673
371.7,736.3435746517,22.6301354738
371.8,739.0370814866,22.743157505
371.9,741.0806783982,22.8568259554
372,743.8059088021,22.9709797026
372.1,745.3989995309,23.0858337043
372.2,748.2030719225,23.2011260375
372.3,750.5236732069,23.3170600351
372.4,753.3081648758,23.433511968
372.5,755.0456325109,23.5506675144
372.6,757.379231941,23.6683337616
372.7,759.7982275566,23.7865972462
372.8,762.449688217,23.9054130463
372.9,764.5363498629,24.0248966977
373,767.3209863803,24.1448922956
373.1,769.3086367564,24.2655823834
373.2,772.1249853686,24.3867773027
373.3,774.2260470888,24.5086672461
373.4,776.9103205597,24.631094702
373.5,778.9997678964,24.7542115694
373.6,781.726769404,24.8778615446
373.7,784.0075271378,25.0021924061
373.8,786.2912189666,25.1271304445
373.9,788.6356012778,25.2527005474
374,791.4693326403,25.3788354811
374.1,793.5414068413,25.5056903714
374.2,796.2658550082,25.6331001533
374.3,798.9647289431,25.7611657702
374.4,801.2876607008,25.8898944078
374.5,803.6507586876,26.019279076
374.6,806.4895246633,26.1492485266
374.7,808.6927902327,26.2799476171
374.8,811.302180441,26.4112448775
374.9,813.6891444236,26.543237438
375,816.4898333408,26.675833727
375.1,818.5987746189,26.8091786735
375.2,821.585820303,26.9430877205
375.3,823.8678155957,27.0777535129
375.4,826.6999611325,27.2130224855
375.5,829.1899703689,27.3490190986
375.6,831.7535868999,27.4856755299
375.7,834.128592682,27.6230486557
375.8,837.0024460797,27.7610433236
375.9,839.3726512989,27.8997956267
376,842.2056020364,28.0391797892
376.1,844.7363143623,28.1793002526
376.2,847.3657122414,28.3200982266
376.3,849.9053000303,28.4616242199
376.4,852.5944951852,28.6038295366
376.5,855.232641104,28.7467662072
376.6,857.9580700601,28.8903953456
376.7,860.4431974009,29.0347819022
376.8,863.2922628336,29.1798405304
376.9,865.9291468239,29.325661065
377,868.6153093488,29.4721919906
377.1,871.3325035344,29.6194681965
377.2,874.0944149659,29.7674623422
377.3,876.6479415,29.9162330633
377.4,879.3776723478,30.0657159906
377.5,881.9339788036,30.2159795942
377.6,885.2220861414,30.3669075199
377.7,887.5501146011,30.5187017464
377.8,890.4290510771,30.6711857434
377.9,893.1269594871,30.8244665297
378,896.112037605,30.9784706118
378.1,898.7747158494,31.1332932525
378.2,902.0088239707,31.2888185222
378.3,904.2972840139,31.4452321557
378.4,907.3631485801,31.6023357093
378.5,910.4235536789,31.7602421215
378.6,913.1030349105,31.9189609794
378.7,915.7253702773,32.0784961614
378.8,918.7336800727,32.2387754935
378.9,921.4036203466,32.3999070239
379,924.5074185006,32.561785848
379.1,927.365572881,32.7245158298
379.2,930.2684322648,32.8880395993
379.3,933.0791785483,33.052407617
379.4,936.1634082069,33.2175546872
379.5,938.928263549,33.3835769943
379.6,942.1588983912,33.550367368
379.7,944.6505993664,33.7180830046
379.8,947.803416529,33.8865555996
379.9,950.5517273144,34.0559287909
380,953.565918037,34.2261064144
380.1,956.4393444826,34.3971671363
380.2,959.2951432525,34.5690687371
380.3,962.2305967679,34.7418402786
380.4,965.4828538013,34.9154278333
380.5,968.2606704809,35.089949092
380.6,971.4875427092,35.2652817419
380.7,974.5280409179,35.4415284096
380.8,977.5569878153,35.6186407155
380.9,980.5682956108,35.7966593231
381,983.7975943877,35.9755294871
381.1,986.4832774479,36.1553672099
381.2,990.0877443257,36.3359957303
381.3,992.6469394586,36.5176507082
381.4,995.9402185519,36.7001236703
381.5,998.926262318,36.8835591371
381.6,1002.2807905139,37.0678577457
381.7,1005.3736862723,37.2531236408
381.8,1008.7636178898,37.4392687571
381.9,1011.6213238046,37.6264174847
382,1014.8452320945,37.8144478055
382.1,1018.1624645964,38.0034290772
382.2,1021.3685633576,38.1933484788
382.3,1024.3472264783,38.3842603703
382.4,1027.5241104424,38.5760890378
382.5,1030.787474659,38.7688887909
382.6,1034.1791306242,38.9626215429
382.7,1036.9496179406,39.1574054603
382.8,1040.2710073841,39.3530900756
382.9,1043.3360709697,39.5497995219
383,1046.9961226487,39.7474147587
383.1,1049.9399875886,39.946110392
383.2,1053.3724261941,40.1457321545
383.3,1056.4778450983,40.3464058988
383.4,1059.7944007294,40.5480429999
383.5,1062.994481931,40.7507214846
383.6,1066.2894031473,40.9543847313
383.7,1069.6875177042,41.1590778149
383.8,1073.3317320641,41.3647505465
383.9,1075.9807866147,41.5715725952
384,1079.9248847293,41.7792803269
384.1,1083.0284938954,41.9860352673
384.2,1086.322726003,42.1979938594
384.3,1089.8428959038,42.4089097534
384.4,1093.332482273,42.6208628912
384.5,1096.4889513794,42.8339358887
384.6,1100.1514739683,43.0479994955
384.7,1103.4383106185,43.2631980626
384.8,1106.8199787794,43.4794385424
384.9,1110.2250177857,43.6967854314
385,1113.7119649889,43.9151860952
385.1,1116.6666358922,44.1347594243
385.2,1120.6670416975,44.3553015237
385.3,1124.04623527,44.5770361583
385.4,1127.7809767987,44.7998188002
385.5,1131.1803072025,45.0237769946
385.6,1134.926063181,45.2487948956
385.7,1138.1395332468,45.4750195256
385.8,1141.5968106029,45.7023251175
385.9,1145.3723777269,45.9307645374
386,1149.0801006684,46.1603267531
386.1,1152.3520668042,46.3911092948
386.2,1156.1946927712,46.6229626302
386.3,1159.7589057729,46.8560323957
386.4,1163.3837316228,47.0902348549
386.5,1166.9277751301,47.3256461432
386.6,1170.9702657421,47.5621579819
386.7,1174.1072282117,47.7999725579
386.8,1178.042128845,48.0388696559
386.9,1181.3732701768,48.2790516797
387,1185.6323336385,48.5203148562
387.1,1189.0976004869,48.7628939906
387.2,1192.7975431922,49.0066397733
387.3,1196.4942266582,49.2516454911
387.4,1200.5426485503,49.4978083678
387.5,1203.8941815353,49.7453076585
387.6,1207.8460174755,49.9939515565
387.7,1211.6163375349,50.2438934379
387.8,1215.5996675027,50.4950302703
387.9,1219.2752946396,50.7474904517
388,1223.1498671148,51.0011592905
388.1,1226.7497997218,51.2561612145
388.2,1230.8284107353,51.5123563327
388.3,1234.6323793687,51.7698975167
388.4,1238.7116856935,52.0286644403
388.5,1242.3042639071,52.2888118353
388.6,1246.453054519,52.5501697363
388.7,1250.2374983797,52.8129091755
388.8,1254.3941968521,53.0768901038
388.9,1258.0660602375,53.3422780403
389,1262.2527063615,53.6089061725
389.1,1265.9567941182,53.8769547337
389.2,1270.2288751713,54.1462510676
389.3,1273.7755226305,54.4170057799
389.4,1278.1383553497,54.6889967664
389.5,1282.0562505678,54.962432108
389.6,1286.2855827803,55.2371670183
389.7,1290.0692130776,55.5133603839
389.8,1294.2684214335,55.7908563716
389.9,1298.25453544,56.0698019553
390,1302.6539465147,56.3500637235
390.1,1306.3134623381,56.6318417272
390.2,1310.7439339176,56.9149141281
390.3,1314.9928526392,57.1994617747
390.4,1318.8926121319,57.485428729
390.5,1322.9270469315,57.772854215
390.6,1327.4496528214,58.0616297592
390.7,1331.4809273459,58.351940654
390.8,1335.9121912513,58.643624355
390.9,1339.8772052336,58.9368559136
391,1344.0806685734,59.2314905446
391.1,1348.3116157265,59.5276391052
391.2,1352.6970109903,59.8252132829
391.3,1356.7651441419,60.1243508064
391.4,1361.4776628326,60.42487979
391.5,1365.6178738281,60.7270126777
391.6,1370.0584847036,61.0305858164
391.7,1374.2012109504,61.3357512389
391.8,1378.7880115802,61.6423573309
391.9,1383.1658668325,61.9505624763
392,1387.4682036432,62.2602748863
392.1,1391.64521209,62.5715939521
392.2,1396.1887525889,62.8843913771
392.3,1400.542725584,63.1988178145
392.4,1405.1130905017,63.5147526732
392.5,1409.5919503069,63.8323229045
392.6,1414.1534050448,64.1514301694
392.7,1418.5173031718,64.4721997135
392.8,1423.2522907102,64.7944931616
392.9,1427.5662195,65.1184809999
393,1432.2550358884,65.4440144905
393.1,1436.6649466729,65.7712514118
393.2,1441.3934895244,66.1000489617
393.3,1445.6287448584,66.4305814521
393.4,1450.5045783206,66.7626651474
393.5,1455.013696887,67.0964804604
393.6,1459.7072666398,67.4319012507
393.7,1464.3496044293,67.7690482417
393.8,1469.0950483612,68.1078253746
393.9,1473.7497273852,68.4483416578
394,1478.4269231327,68.7905330024
394.1,1483.0863327444,69.1344668054
394.2,1488.0077261871,69.4800686587
394.3,1492.5927962972,69.8274689899
394.4,1497.3524244809,70.1765492347
394.5,1502.0851365204,70.5274148455
394.6,1506.7301249993,70.8800104154
394.7,1511.6066727323,71.2343765621
394.8,1516.6045574136,71.5904689505
394.9,1520.9840600135,71.9484413278
395,1525.9706826729,72.3081166027
395.1,1530.7874573296,72.6696383623
395.2,1535.5887209066,73.0329351433
395.3,1540.4162718236,73.3980845313
395.4,1545.8106512202,73.7649688953
395.5,1550.5265731981,74.1338016168
395.6,1555.1448724942,74.5044460661
395.7,1559.9012076822,74.8769695601
395.8,1564.944598954,75.2512919563
395.9,1569.9542093533,75.6275292804
396,1575.1718089453,76.0055915691
396.1,1579.8576620949,76.3856374938
396.2,1584.9719731378,76.7675050437
396.3,1589.7750047901,77.1513537151
396.4,1595.0536286961,77.5370380519
396.5,1600.2885786419,77.9246963641
396.6,1604.9332427292,78.3143150896
396.7,1610.0990976252,78.7058716565
396.8,1615.1406991904,79.0993613406
396.9,1620.2328906995,79.4948554628
397,1625.4980868451,79.8922724784
397.1,1630.636729188,80.2917317011
397.2,1635.8305326268,80.6931449027
397.3,1640.757128736,81.0966346928
397.4,1646.0863238745,81.5020638084
397.5,1651.2714710757,81.9095776381
397.6,1656.6045258996,82.3190758347
397.7,1661.6543988328,82.730693436
397.8,1666.7510595599,83.1443255519
397.9,1672.1735125218,83.5600376503
398,1677.6488335642,83.9777837723
398.1,1682.6980313917,84.397705633
398.2,1688.1277726429,84.8196495563
398.3,1693.3602294748,85.2437678736
398.4,1698.9831119758,85.6699279445
398.5,1704.2726154384,86.0982974722
398.6,1709.6659151683,86.5287580485
398.7,1715.0056152141,86.9614222137
398.8,1720.5722750989,87.396186291
398.9,1725.8169495738,87.8332026361
399,1731.4771329017,88.2723214528
399.1,1737.1224842983,88.7136842272
399.2,1742.5903143779,89.1572298362
399.3,1747.7551554516,89.6030706121
399.4,1753.6282153722,90.0510280743
399.5,1758.88884091,90.5013340632
399.6,1764.5953809578,90.9538047236
399.7,1770.129694395,91.4086031398
399.8,1775.8392532132,91.8656151838
399.9,1781.4503302293,92.3249708713
400,1787.1203227146,92.7865741357
400.1,1792.5450890635,93.2505590575
400.2,1798.4750685271,93.7167698266
400.3,1804.124083062,94.1853894117
400.4,1809.7552139859,94.6563096244
400.5,1815.5570005255,95.1296177418
400.6,1821.112044559,95.6052722417
400.7,1826.9282182216,96.0833298433
400.8,1832.6352622073,96.5637433941
400.9,1838.4582118135,97.0465988136
401,1844.6198576581,97.5317892315
401.1,1850.2861058481,98.0195066634
401.2,1856.3549143052,98.5095765992
401.3,1862.2301685271,99.0021684711
401.4,1867.8540974789,99.4972017837
401.5,1873.6114076161,99.9947498133
401.6,1879.9028110787,100.4946855264
401.7,1885.7619053939,100.997217274
401.8,1891.8190226272,101.5021945182
401.9,1897.5852461466,102.0097795183
402,1903.8551454816,102.5198043683
402.1,1909.6007211556,103.0324859961
402.2,1915.9024340935,103.5476273078
402.3,1921.7490079632,104.0654445862
402.4,1928.1471555228,104.5857472178
402.5,1934.1669529458,105.1087445413
402.6,1940.2387724304,105.6343022761
402.7,1946.3907263431,106.1625359603
402.8,1952.7558937085,106.6933397219
402.9,1958.7115231876,107.2268949073
403,1965.1008653265,107.7630243294
403.1,1971.5277544044,108.3018879279
403.2,1977.4842860608,108.8434417822
403.3,1983.8524565726,109.3877201992
403.4,1990.3289002117,109.9346578695
403.5,1996.4756246079,110.48442143
403.6,2002.6332896592,111.0368807954
403.7,2009.0558370085,111.5921350826
403.8,2015.6231470797,112.1500988271
403.9,2021.5641794033,112.7109742461
404,2028.2073233665,113.2745312159
404.0000000001,2028.2073233704,113.2745312161
404.08,2032.3483380327,113.3023831187
404.16,2034.7280228411,113.3021485591
408,2079.7851779641,113.2977592131
410,2094.8042574749,113.2963121424
412,2107.3403363123,113.2951116754
414,2118.2933149691,113.2940684368
414.24,2119.6109600784,113.2939429216
414.32,2120.1794434026,113.2938882447
414.4,2120.2247709367,113.293885526
414.48,2120.3993666365,113.2938699687
414.56,2121.216501296,113.2937905966
414.64,2121.7370796462,113.2937406775
414.72,2121.8439997066,113.2937318415
414.9,2121.3987950753,112.74432017
415,2118.1669964911,112.1781898659
415.1,2113.9360375258,111.6121587952
415.2,2110.276904792,111.0460709325
415.3,2106.0695312141,110.4800375194
415.4,2102.4461484148,109.9139461061
415.5,2098.2197778963,109.3479145797
415.6,2093.7455261702,108.7819076721
415.7,2089.6545198055,108.2158627017
415.8,2085.4821581835,107.6498258113
415.9,2081.0543124818,107.0838142947
416,2076.8614344147,106.5177794419
416.1,2072.5233292957,105.9517590126
416.2,2067.9320230648,105.3857637304
416.3,2063.4319711784,104.8197593852
416.4,2058.8908664999,104.2537591171
416.5,2054.4645875186,103.687747445
416.6,2049.9888914478,103.1217406807
416.7,2045.2227383245,102.5557627638
416.8,2040.7037168377,101.9897603025
416.9,2035.9314979233,101.423782988
417,2031.5212264548,100.857769726
417.1,2026.6342081465,100.291803813
417.2,2021.9661863817,99.72581615
417.3,2016.905821621,99.1598674532
417.4,2012.3936933074,98.5938643073
417.5,2007.5941536856,98.0278897062
417.6,2002.6866509138,97.4619258276
417.7,1997.7464617786,96.8959651954
417.8,1993.1355197869,96.3299718634
417.9,1988.1664552024,95.7640140989
418,1983.1897965891,95.1980570887
418.1,1978.3310033728,94.6320883725
418.2,1973.4988318785,94.0661170122
418.3,1968.3997841228,93.5001721573
418.4,1963.2817375583,92.9342291893
418.5,1958.2975234741,92.3682729295
418.6,1952.9498704632,91.8023527652
418.7,1948.219633653,91.2363712812
418.8,1943.0818580479,90.6704302726
418.9,1937.8361232207,90.1044999861
419,1932.6664337253,89.5385621471
419.1,1927.5659460078,88.9726174352
419.2,1922.2867875848,88.4066904683
419.3,1916.9445315453,87.840769768
419.4,1911.7459909466,87.2748347944
419.5,1906.4524184145,86.7089092591
419.6,1901.1208398464,86.1429874984
419.7,1895.629601692,85.5770815945
419.8,1890.6181463249,85.0111280402
419.9,1885.2569474464,84.4452092213
420,1879.6547345892,83.8793143391
420.1,1874.0624181422,83.3134184741
420.2,1868.9582445882,82.7474741282
420.3,1863.4328600313,82.1815716157
420.4,1857.8322150738,81.6156765778
420.5,1852.3114162144,81.0497736098
420.6,1846.8841487515,80.4838613526
420.7,1841.3230762717,79.9179623845
420.8,1835.7612554228,79.3520634907
420.9,1830.1751163736,78.7861670122
421,1824.519800654,78.220277404
421.1,1818.9747428228,77.6543768454
421.2,1813.2054047037,77.0884985615
421.3,1807.365370528,76.522627299
421.4,1801.4728881812,75.9567612455
421.5,1795.9035498647,75.3908630983
421.6,1790.1038508744,74.8249878298
421.7,1784.4060456141,74.2591024415
421.8,1778.4292218838,73.6932447645
421.9,1772.7078729693,73.1273617145
422,1767.0488812215,72.5614724715
422.1,1761.0850225509,71.9956135068
422.2,1755.081642211,71.4297584673
422.3,1749.1577264809,70.8638955356
422.4,1743.1205407278,70.2980438535
422.5,1737.0757661101,69.7321929252
422.6,1731.2073925787,69.1663244772
422.7,1725.1105660439,68.6004787185
422.8,1719.1342590559,68.0346209901
422.9,1712.6208254668,67.4688166074
423,1706.6810407516,66.9029552518
423.1,1700.7560951036,66.3370924224
423.2,1694.1731420955,65.7712949442
423.3,1688.1547109803,65.2054413995
423.4,1681.8333243402,64.6396179434
423.5,1675.7981958273,64.073766057
423.6,1669.4316031121,63.5079470905
423.7,1662.9791155554,62.9421366549
423.8,1656.6243383693,62.376316515
423.9,1650.1745435107,61.810505812
424,1643.9429603534,61.2446734368
424.1,1637.4403587408,60.6788679784
424.2,1630.791043183,60.1130770911
424.3,1624.4021330329,59.5472603411
424.4,1617.9280898655,58.9814520463
424.5,1611.0990239776,58.4156790113
424.6,1604.7546369656,57.8498578395
424.7,1597.9736245217,57.2812477643
424.8,1591.2117698377,56.7183003216
424.9,1584.3367790513,56.1525318476
425,1577.6210776814,55.5867475536
425.1,1571.0255120068,55.020951328
425.2,1563.7826178856,54.455219393
425.3,1557.5660663966,53.889385525
425.4,1550.2604901065,53.3236598154
425.5,1543.0978584122,52.757919909
425.6,1536.2085501062,52.192152857
425.7,1529.4089672664,51.6263768938
425.8,1522.2254865304,51.0606390581
425.9,1515.0336630703,50.4949020509
426,1508.0262139521,49.9291467323
426.1,1500.6401927043,49.3634290122
426.2,1493.546117085,48.7976822971
426.3,1486.5577311574,48.2319250852
426.4,1478.8376554656,47.6662405423
426.5,1471.3703738288,47.1005308928
426.6,1464.178690485,46.5347938717
426.7,1456.5042934907,45.9691047922
426.8,1449.0921907645,45.4033896625
426.9,1441.5729200478,44.8376851764
427,1434.0586122919,44.2719801973
427.1,1426.2736944066,43.7063020944
427.2,1418.6081509763,43.1406121356
427.3,1410.8130164211,42.5749350474
427.4,1402.8715675978,42.0092724906
427.5,1394.9810757694,41.443604873
427.6,1387.3084022562,40.8779156223
427.7,1379.1507512801,40.312274538
427.8,1371.0877688302,39.7466240516
427.9,1362.8613717906,39.180989795
428,1354.8649553422,38.6153326974
428.1,1346.5211616569,38.0497101003
428.2,1338.2705161344,37.4840782519
428.3,1329.9047302508,36.9184578389
428.4,1321.469795467,36.3528442936
428.5,1312.8957768896,35.7872445617
428.6,1304.3787988452,35.2216391646
428.7,1295.7926735326,34.656040635
428.8,1287.3251615652,34.0904303252
428.9,1278.2138220901,33.5248839582
429,1269.4772714244,32.9593003684
429.1,1260.6723359863,32.3937235704
429.2,1251.6158199295,31.8281717585
429.3,1242.5555343697,31.262620321
429.4,1233.2816789597,30.6970900946
429.5,1224.2358993956,30.1315372164
429.6,1214.7036607239,29.5660326518
429.7,1205.4382651676,29.0005015852
429.8,1196.2063482682,28.4349671935
429.9,1186.4720159087,27.8694827002
430,1176.7422803654,27.3039977504
430.1,1167.0429859205,26.7385097772
430.2,1157.0518394216,26.1730507898
430.3,1147.2195963006,25.6075760207
430.4,1137.1471923728,25.0421251035
430.5,1127.0748270018,24.4766741826
430.6,1116.7843477379,23.911244924
430.7,1106.1754225868,23.3458472924
430.8,1095.6319093648,22.7804431643
430.9,1085.3157094583,22.2150164602
431,1074.1862419089,21.6496705273
431.1,1063.7036645726,21.0842603472
431.2,1052.5499652513,20.5189168209
431.3,1041.14548292,19.9535982015
431.4,1029.7843749275,19.3882752743
431.5,1018.6026959401,18.8229345268
431.6,1006.7582730878,18.2576596009
431.7,994.8523370482,17.6923907843
431.8,982.9593759853,17.1271206791
431.9,970.7282367208,16.5618841606
432,957.9780277766,15.9966991945
432.1,945.6101926334,15.4314762522
432.2,933.1071246049,14.8662667408
432.3,919.7612125529,14.301140938
432.4,906.3758450928,13.7360190538
432.5,893.0004260231,13.1708961815
432.6,879.2465720029,12.6058108942
432.7,865.4395865887,12.0407308837
432.8,850.7221484913,11.4757412965
432.84,844.8773021215,11.2497412774
432.92,834.9899558285,11.2280668999
433,829.7089657608,11.2285931739
483.08,653.9681694897,11.2471633719
483.16,653.8204472895,11.2471798263
486,653.5906471115,11.2472659474
488,653.1586600585,11.2473534271
490,652.7889914639,11.2474347175
492,652.6625159168,11.2474918547
494,652.5064013755,11.2475519356
496,652.2127311029,11.2476256781
498,652.1918927701,11.2476723238
500,652.0502181975,11.2477309706
502,651.872064874,11.2477932403
504,652.1012591289,11.2478150536
506,652.0431822818,11.2478653977
508,652.2769364546,11.2478867581
510,652.1234827242,11.2479465747
512,652.4564138549,11.2479580852
514,652.6035308233,11.2479880501
516,652.626011759,11.2480303935
518,652.5603355619,11.2480814923
520,652.7598909982,11.2481062492
522,652.6501363605,11.2481617258
524,653.0822444012,11.2481633864
526,652.8888925835,11.2482271655
528,653.5440534272,11.2482066732
530,653.449878494,11.2482606024
532,653.619795062,11.248288303
